<?xml version="1.0" encoding="utf-8"?>
<ApplicationInstallerManifest>
   <DefaultInstallationDirectory>/Applications/EMBL/simplefitter_GUI/</DefaultInstallationDirectory>
   <ApplicationName>simplefitter_GUI</ApplicationName>
   <ExecutableName>application/simplefitter_GUI.exe</ExecutableName>
   <GUID>bb7aa464-944f-4bb6-ab54-efc974f0eb34</GUID>
   <ApplicationIcon>default_icon_48.png</ApplicationIcon>
   <Logo>default_logo.png</Logo>
   <Version>1.0</Version>
   <InstallationNotes>In the following directions, replace MR by the directory where MATLAB or the MATLAB Runtime is installed on the target machine.

If the environment variable DYLD_LIBRARY_PATH is undefined, set it to the following string:

MR/v93/runtime/maci64:MR/v93/sys/os/maci64:MR/v93/bin/maci64

If it is defined, set it to the following:

${DYLD_LIBRARY_PATH}:MR/v93/runtime/maci64:MR/v93/sys/os/maci64:MR/v93/bin/maci64</InstallationNotes>
   <AuthorOrganization>EMBL</AuthorOrganization>
   <WelcomePanelText>simplefitter_GUI 1.0
Jonas Ries
ries@embl.de</WelcomePanelText>
   <MCRProducts>
      <MCRProduct>
         <ExternalProductIdentifier>35000</ExternalProductIdentifier>
      </MCRProduct>
      <MCRProduct>
         <ExternalProductIdentifier>35010</ExternalProductIdentifier>
      </MCRProduct>
   </MCRProducts>
</ApplicationInstallerManifest>